Bill of Materials ,,,,,,,
,,,,,,,
,,,,,,,
Modbus Master,,,,,,,
,,,,,,,
Creation Date: 29-03-2023,,,,,,,
Updated Date: 17-05-2023,,,,,,,
Drawn By: Magnus Thurøe,,,,,,,
,,,,,,,
Reference,Qty,Value,Description,Footprint,Datasheet,Manufacturer_Name,Manufacturer_Part_Number
C1-C5,5,33pF,Multilayer Ceramic Capacitors MLCC - SMD/SMT 50V 33pF C0G 0402 5%,Capacitor_SMD:C_0402_1005Metric,https://www.mouser.dk/datasheet/2/212/KEM_C1003_C0G_SMD-1101588.pdf,KEMET,C0402C330J5GAC
"C6-C9, C11, C12, C14",7,100nF,Multilayer Ceramic Capacitors MLCC - SMD/SMT 0402 16VDC 100nF 10% X7R,Capacitor_SMD:C_0402_1005Metric,https://product.tdk.com/system/files/dam/doc/product/capacitor/ceramic/mlcc/catalog/mlcc_commercial_general_en.pdf,TDK,C1005X7R1C104K050BC
C10,1,330nF,Multilayer Ceramic Capacitors MLCC - SMD/SMT 330nF+/-10% 50V X7R 0805,Capacitor_SMD:C_0805_2012Metric,https://www.mouser.dk/datasheet/2/585/MLCC-1837944.pdf,Samsung Electro-Mechanics,CL21B334KBFNNNG
C13,1,0.47F SC,Supercapacitors / Ultracapacitors 5.4V 0.47F 6.3X14mm Radial,SELF_MADE:Radial_D6.3mm_W13.6mm_P9.00mm,https://www.mouser.dk/datasheet/2/40/AVX_SCM-1018838.pdf,KYOCERA AVX,SCMQ14D474PRBB0
C15,1,1uF,Multilayer Ceramic Capacitors MLCC - SMD/SMT 1.0UF 6.3V 10% 0402,Capacitor_SMD:C_0402_1005Metric,https://www.mouser.dk/datasheet/2/281/1/GRM155R70J105KA12_01A-1984187.pdf,Murata Electronics,GRM155R70J105KA12D
C16,1,100uF,Multilayer Ceramic Capacitors MLCC - SMD/SMT 100uF+/-20% 6.3V X5R 1206,Capacitor_SMD:C_1206_3216Metric,https://www.mouser.dk/datasheet/2/585/MLCC-1837944.pdf,Samsung Electro-Mechanics,CL31A107MQHNNWE
D1,1,ESDA6V1-5W6,"ESD Suppressors / TVS Diodes, Vbr =  6.1V, Unidirect 5 channel",SELF_MADE:SOT323-6L,https://www.mouser.dk/datasheet/2/389/esdaxxxwx-1849182.pdf,STMicroelectronics,ESDA6V1-5W6
"D2, D5, D6",3,SS0540_R1_00001,Schottky Diodes & Rectifiers 40V Schottky 1A. If 0.5 A when Vf 0.5V,Diode_SMD:D_SOD-123,https://www.mouser.dk/datasheet/2/1057/SS0520_SERIES-1877120.pdf,Panjit,SS0540_R1_00001
D3,1,UHD111A-FKA,Standard LEDs - SMD RGB LED SMD 1x1 mm,LED_SMD_RGB:LED_RGB_1_1_mm,https://www.mouser.dk/datasheet/2/723/CREE_9_23_2022_HB_UHD111A_FKA-3043931.pdf,Cree LED,UHD111A-FKA-C3K23E1L3VG5ZB3Z3
D7,1,GREEN,"Standard LEDs - SMD 0603 Green, Vf = 2V, If =20mA",LED_SMD:LED_0603_1608Metric,https://www.mouser.dk/datasheet/2/445/150060VS75000-3085276.pdf,Wurth Elektronik,150060VS75000
D8,1,GS1M-LTP,"Rectifiers If = 1A, Vf = 1V",Diode_SMD:D_SMA,https://www.mouser.dk/datasheet/2/258/GS1A_L_7eGS1M_L_DO_214AC_-2634344.pdf,Micro Commercial Components (MCC),GS1M-LTP
D9,1,"DF2S6.8FS,L3M","ESD Suppressors / TVS Diodes, Vbr =  6.4V, Unidirect",Diode_SMD:D_SOD-923,https://www.mouser.dk/datasheet/2/408/DF2S6_8FS_datasheet_en_20211216-1916398.pdf,Toshiba,"DF2S6.8FS,L3M"
D10,1,YELLOW,"Standard LEDs - SMD 0603 Yellow, Vf = 2V, If =20mA",LED_SMD:LED_0603_1608Metric,https://www.mouser.dk/datasheet/2/445/150060YS75000-3085594.pdf,Wurth Elektronik,150060YS75000
J1,1,Screw_Terminal_01x03,"Fixed Terminal Blocks, screw type, P5.00mm , horizontal, 3 poles","TerminalBlock_Phoenix:TerminalBlock_Phoenix_PT-1,5-3-5.0-H_1x03_P5.00mm_Horizontal",https://www.mouser.dk/datasheet/2/670/tb002_500-2306853.pdf,CUI Devices,TB002-500-03BE
J2,1,SIM8066-6-1-14-01-A,Memory Card Connectors 1.44mm Nano SIM Conn w/Peg and Switch,SIM8066611401A:SIM8066611401A,https://www.mouser.dk/datasheet/2/837/sim8066-2326668.pdf,GCT (GLOBAL CONNECTOR TECHNOLOGY),SIM8066-6-1-14-01-A
J3,1,Conn_Coaxial,"RF Connectors / Coaxial Connectors, U.FL, Jack, SMD/SMT",Connector_Coaxial:U.FL_Hirose_U.FL-R-SMT-1_Vertical,https://www.mouser.dk/datasheet/2/185/HIROS08829_1-2549389.pdf,Hirose Connector,U.FL-R-SMT-1(10)
J4,1,Screw_Terminal_01x04,"Fixed Terminal Blocks, screw type, P5.00mm , horizontal, 4 poles","TerminalBlock_Phoenix:TerminalBlock_Phoenix_PT-1,5-4-5.0-H_1x04_P5.00mm_Horizontal",https://www.mouser.dk/datasheet/2/670/tb002_500-2306853.pdf,CUI Devices,TB002-500-04BE
J5,1,AVR-ISP-6,"Headers, P2.54 mm, 2x3 pins male",Connector_PinHeader_2.54mm:PinHeader_2x03_P2.54mm_Vertical,https://cdn.amphenol-cs.com/media/wysiwyg/files/documentation/datasheet/boardwiretoboard/bwb_bergstik.pdf,Amphenol FCI,54102-T06-00
J6,1,Conn_01x04_Pin,"Headers, P2.54mm, 1x4 pins male",Connector_PinHeader_2.54mm:PinHeader_1x04_P2.54mm_Vertical,,,
Q1-Q5,5,BC847CW,"Bipolar Transistors - BJT BC847CW/SOT323/SC-70, Ic = 100mA",Package_TO_SOT_SMD:SOT-323_SC-70,https://www.mouser.dk/datasheet/2/916/BC847XW_SER-3081653.pdf,Nexperia,"BC847CW,115"
"R1, R5-R7, R9, R10, R13, R21, R22, R26-R33",17,10K,Thick Film Resistors - SMD 10K ohm 0402 1/8W 1% ,Resistor_SMD:R_0402_1005Metric,https://www.mouser.dk/datasheet/2/447/PYu_RC_Group_51_RoHS_L_11-1984063.pdf,YAGEO,RC0402FR-7W10KL
R2-R4,3,22,Thick Film Resistors - SMD 22 ohm 0402 1/16W 1% ,Resistor_SMD:R_0402_1005Metric,https://www.mouser.dk/datasheet/2/1365/1-3044649.pdf,Royalohm,0402WGF220JTCE
R8,1,47k,Thick Film Resistors - SMD 47K ohm 0402 1/16W 1% ,Resistor_SMD:R_0402_1005Metric,https://www.mouser.dk/datasheet/2/1365/1-3044649.pdf,Royalohm,0402WGF4702TCE
"R11, R14, R18, R20, R23, R25",6,1K,Thick Film Resistors - SMD 1K ohm 0402 1/16W 1% ,Resistor_SMD:R_0402_1005Metric,https://www.mouser.dk/datasheet/2/1365/1-3044649.pdf,Royalohm,0402WGF1001TCE
R12,1,20K,Thick Film Resistors - SMD 20K ohm 0402 1/16W 1% ,Resistor_SMD:R_0402_1005Metric,https://www.mouser.dk/datasheet/2/1365/1-3044649.pdf,Royalohm,0402WGF2002TCE
R15,1,680,Thick Film Resistors - SMD 680 ohm 0402 1/16W 1% ,Resistor_SMD:R_0402_1005Metric,https://www.mouser.dk/datasheet/2/1365/1-3044649.pdf,Royalohm,0402WGF6800TCE
"R16, R17",2,910,Thick Film Resistors - SMD 910 ohm 0402 1/16W 1% ,Resistor_SMD:R_0402_1005Metric,https://www.mouser.dk/datasheet/2/54/cr-1858361.pdf,Bourns,CR0402-FX-9100GLF
R19,1,62,Thick Film Resistors - SMD 62 ohm 0805 1/2W 5%,Resistor_SMD:R_0805_2012Metric,https://www.mouser.dk/datasheet/2/315/AOA0000C331-1141874.pdf,Panasonic,ERJ-P06J620V
R24,1,200K,Thick Film Resistors - SMD 200K ohm 0402 1/16W 1% ,Resistor_SMD:R_0402_1005Metric,https://www.mouser.dk/datasheet/2/1365/1-3044649.pdf,Royalohm,0402WGF2003TCE
SW1,1,TL3305AF260QG,"Tactile Switches 50mA 12VDC SPST, 4.5x4.5x3.8mm",SELF_MADE:TL3305AF260QG,https://www.mouser.dk/datasheet/2/140/TL3305-2065758.pdf,E-Switch,TL3305AF260QG
U1,1,ATmega2560-16A,8-bit AVR Microcontroller - MCU 256kB Flash 4kB EEPROM 86 I/O Pins,Package_QFP:TQFP-100_14x14mm_P0.5mm,http://ww1.microchip.com/downloads/en/DeviceDoc/Atmel-2549-8-bit-AVR-Microcontroller-ATmega640-1280-1281-2560-2561_datasheet.pdf,Microchip Technology,ATMEGA2560-16AU
U2,1,SP485EN-L/TR,RS-422/RS-485 Interface IC Low Pwr Half-Duplex RS-485 SOIC-8,Package_SO:SOIC-8_3.9x4.9mm_P1.27mm,https://www.mouser.dk/datasheet/2/146/sp483-sp485-1816424.pdf,MaxLinear,SP485EN-L/TR
U3,1,L7805,"Linear Voltage Regulators 5.0V 1.5A Positive, V in min = 7, V in max = 35",Package_TO_SOT_THT:TO-220-3_Vertical,https://www.onsemi.cn/PowerSolutions/document/MC7800-D.PDF,STMicroelectronics,L7805CV
U4,1,SIM7080G,SIM7080G CAT-M & NB-IoT Module,SIM7080G:XCVR_SIM7080G,https://drive.google.com/file/d/1-UHoSTVD5j3yvv5Yxyj0Qw3VSiNqDAng/view?usp=sharing,SIMCOM,SIM7080G
U5,1,LSF0204PW-Q100J,"4-bit Bidirectional Multi-Voltage Level Translator, supply voltage 0.8 to 5 V",Package_SO:TSSOP-14_4.4x5mm_P0.65mm,https://www.mouser.dk/datasheet/2/916/LSF0204_Q100-1894314.pdf,Nexperia,LSF0204PW-Q100J
Y1,1,ABM3B-8.000MHZ-10-1-U-T,Crystal 8.0 MHZ,SELF_MADE:Oscillator_SMD_abm3b,https://www.mouser.dk/datasheet/2/3/abm3b-1774998.pdf,ABRACON,ABM3B-8.000MHZ-10-1-U-T
Components:,76,,,,,,